{"client_meta":{"background_color":{"r":0.11764705926179886,"g":0.11764705926179886,"b":0.11764705926179886,"a":1},"thumbnail_size":{"width":400,"height":284},"render_coordinates":{"x":0,"y":0,"width":1440,"height":1024}},"file_name":"Untitled","developer_related_links":[],"exported_at":"2026-04-25T06:54:29.935Z"}